{"cameraMode":{"drawMode":0,"name":"Shaded","section":"Shading Mode"},"sceneLighting":true,"audioPlay":false,"sceneViewState":{"showFog":true,"showMaterialUpdate":false,"showSkybox":true,"showFlares":true,"showImageEffects":true,"showParticleSystems":true},"in2DMode":false,"pivot":{"x":2.0321223735809328,"y":4.317109107971191,"z":-1.901190996170044},"rotation":{"x":0.01077384501695633,"y":-0.0824074000120163,"z":0.0008907601004466414,"w":0.9965401291847229},"size":10.0,"orthographic":false}