{"cameraMode":{"drawMode":0,"name":"Shaded","section":"Shading Mode"},"sceneLighting":true,"audioPlay":false,"sceneViewState":{"m_AlwaysRefresh":false,"showFog":true,"showSkybox":true,"showFlares":true,"showImageEffects":true,"showParticleSystems":true,"showVisualEffectGraphs":true,"m_FxEnabled":true},"in2DMode":false,"pivot":{"x":2.672008514404297,"y":18.828744888305665,"z":-5.015464782714844},"rotation":{"x":-0.21693269908428193,"y":0.38738447427749636,"z":-0.09431098401546478,"w":-0.8910583257675171},"size":16.399539947509767,"orthographic":false}